{
  "train_loss": [
    1.7521073954014839,
    1.4064321155789532,
    1.237409320813191,
    1.1311223559741732,
    1.0130207908304432,
    0.9096125266219997,
    0.8179341101948219,
    0.789763209940512
  ],
  "train_acc": [
    47.08,
    60.56,
    68.52,
    73.32,
    78.46,
    83.46,
    86.94,
    88.1
  ],
  "val_acc": [
    60.0,
    59.1,
    70.5,
    72.9,
    76.6,
    78.2,
    83.5,
    83.0
  ],
  "learning_rates": [
    0.001,
    0.0009619778264893878,
    0.0008536998372026805,
    0.0006916503744663625,
    0.0005005000000000001,
    0.00030934962553363774,
    0.00014730016279731955,
    3.902217351061228e-05
  ],
  "class_names": [
    "bear",
    "beaver",
    "dolphin",
    "elephant",
    "kangaroo",
    "lion",
    "snake",
    "tiger",
    "turtle",
    "wolf"
  ]
}