{
  "train_loss": [
    1.4453371280356297,
    0.9301402614086489,
    0.7528181570240214
  ],
  "train_acc": [
    52.74,
    69.14,
    75.42
  ],
  "val_acc": [
    61.9,
    69.3,
    67.6
  ],
  "class_names": [
    "bear",
    "beaver",
    "dolphin",
    "elephant",
    "kangaroo",
    "lion",
    "snake",
    "tiger",
    "turtle",
    "wolf"
  ]
}