{
  "train_loss": [
    0.19443681461960077,
    0.11566563382744789,
    0.08950853062868118,
    0.06261497998088598,
    0.056984165468811986
  ],
  "val_acc": [
    0.902,
    0.9454,
    0.9448,
    0.95,
    0.9522
  ]
}